Chromosome	Start_Position	End_Position	Reference_Allele	Tumor_Seq_Allele2	Tumor_Sample_Barcode	Hugo_Symbol	Variant_Classification	tx	exon	txChange	aaChange	Variant_Type	variant	RNA.AD_ref	RNA.AD_alt	RNA.AF	RNA.DP	MPOS	TLOD	Gene.refGene	ExonicFunc.refGene	AAChange.refGene	Func.refGene	ExAC_nontcga_ALL	CLNALLELEID	CLNDN	REVEL	InterVar_automated	cosmic92_coding	cosmic92_noncoding	Experiment	cosmic92_coding_nonnull	cosmic92_coding_lung	RF_votes_SOMATIC	confidence
chr12	25245350	25245350	C	A	LCNEC11M	KRAS	Missense_Mutation	ENST00000256078.9	exon2	c.G35T	p.G12V	SNP	chr12:25245350_C/A	2	12	0.778	14	25	25.64	KRAS	nonsynonymous SNV	KRAS:ENST00000256078.9:exon2:c.G35T:p.G12V	exonic	0	27622	Cerebral_arteriovenous_malformation|Acute_myeloid_leukemia|Nevus_sebaceous|Juvenile_myelomonocytic_leukemia|Non-small_cell_lung_cancer|Neoplasm_of_the_thyroid_gland|Neoplasm_of_the_large_intestine|Carcinoma_of_pancreas|Ovarian_Neoplasms|not_provided	0.91	Likely_pathogenic	ID=COSV55497419;OCCURENCE=21(breast)1(female_genital_tract_(site_indeterminate))7(liver)36(peritoneum)9(genital_tract)7(oesophagus)25(cervix)5747(large_intestine)1(central_nervous_system)189(biliary_tract)2(pleura)1(vulva)341(ovary)20(NS)45(stomach)96(haematopoietic_and_lymphoid_tissue)8(kidney)9(soft_tissue)32(urinary_tract)2142(pancreas)1(autonomic_ganglia)11(gastrointestinal_tract_(site_indeterminate))30(skin)43(prostate)1580(lung)25(thyroid)5(upper_aerodigestive_tract)24(testis)1(eye)4(thymus)42(small_intestine)165(endometrium)	.	LCNEC11	TRUE	TRUE	0.95399999999999996	***
chr15	98943042	98943042	T	C	LCNEC11M	IGF1R	Missense_Mutation	ENST00000649865.1	exon19	c.T3574C	p.S1192P	SNP	chr15:98943042_T/C	2	2	0.5	4	5	8.22	IGF1R	nonsynonymous SNV	IGF1R:ENST00000649865.1:exon19:c.T3574C:p.S1192P	exonic	0	.	.	0.957	Uncertain_significance	.	.	LCNEC11	FALSE	FALSE	0.16800000000000001	*
chr17	7674951	7674951	G	A	LCNEC11M	TP53	Missense_Mutation	ENST00000504290.5	exon2	c.C184T	p.L62F	SNP	chr17:7674951_G/A	6	3	0.428	9	14	5.54	TP53	nonsynonymous SNV	TP53:ENST00000504290.5:exon2:c.C184T:p.L62F	exonic	0	133274	Hepatocellular_carcinoma|Pancreatic_adenocarcinoma|Transitional_cell_carcinoma_of_the_bladder|Lung_adenocarcinoma|Neoplasm_of_brain|Neoplasm_of_the_breast|Neoplasm_of_the_large_intestine|Squamous_cell_carcinoma_of_the_head_and_neck|Uterine_cervical_neoplasms|Glioblastoma|Ovarian_Serous_Cystadenocarcinoma|not_provided	0.851	Likely_pathogenic	ID=COSV52677226;OCCURENCE=2(breast)2(oesophagus)1(cervix)8(large_intestine)2(ovary)1(NS)2(haematopoietic_and_lymphoid_tissue)5(stomach)3(urinary_tract)2(pancreas)5(skin)5(lung)2(upper_aerodigestive_tract)	ID=COSV52677226;OCCURENCE=2(breast)2(oesophagus)1(cervix)8(large_intestine)2(ovary)1(NS)2(haematopoietic_and_lymphoid_tissue)5(stomach)3(urinary_tract)2(pancreas)5(skin)5(lung)2(upper_aerodigestive_tract)	LCNEC11	TRUE	TRUE	0.75800000000000001	***
chr19	1220650	1220650	G	T	LCNEC11M	STK11	Nonsense_Mutation	ENST00000326873.12	exon5	c.G667T	p.E223_Q433del	SNP	chr19:1220650_G/T	0	16	0.93	16	33	75.27	STK11	stopgain	STK11:ENST00000326873.12:exon5:c.G667T:p.E223_Q433del	exonic	0	.	.	-1	Pathogenic	ID=COSV58820842;OCCURENCE=15(lung)	ID=COSV58820842;OCCURENCE=15(lung)	LCNEC11	TRUE	TRUE	0.97599999999999998	***
chr19	1220650	1220650	G	T	LCNEC11Mp3	STK11	Nonsense_Mutation	ENST00000326873.12	exon5	c.G667T	p.E223_Q433del	SNP	chr19:1220650_G/T	0	9	0.875	9	33	75.27	STK11	stopgain	STK11:ENST00000326873.12:exon5:c.G667T:p.E223_Q433del	exonic	0	.	.	-1	Pathogenic	ID=COSV58820842;OCCURENCE=15(lung)	ID=COSV58820842;OCCURENCE=15(lung)	LCNEC11	TRUE	TRUE	0.97799999999999998	***
chr3	179230312	179230312	C	T	LCNEC23Mp3	PIK3CA	Nonsense_Mutation	ENST00000263967.4	exon20	c.C2872T	p.Q958_N1068del	SNP	chr3:179230312_C/T	2	2	0.5	4	72	4.17	PIK3CA	stopgain	PIK3CA:ENST00000263967.4:exon20:c.C2872T:p.Q958_N1068del	exonic	0	.	.	-1	Pathogenic	ID=COSV55896409;OCCURENCE=1(lung)2(thyroid)	ID=COSV55896409;OCCURENCE=1(lung)2(thyroid)	LCNEC23	TRUE	TRUE	0.746	***
chr12	49022622	49022622	C	T	LCNEC23Mp3	KMT2D	Missense_Mutation	ENST00000301067.11	exon51	c.G16306A	p.A5436T;.	SNP	chr12:49022622_C/T	4	2	0.333	6	9	3.62	KMT2D	nonsynonymous SNV	KMT2D:ENST00000301067.11:exon51:c.G16306A:p.A5436T;.	exonic	9.48e-6	.	.	0.811	Uncertain_significance	ID=COSV56412368;OCCURENCE=1(soft_tissue)	ID=COSV56412368;OCCURENCE=1(soft_tissue)	LCNEC23	TRUE	FALSE	0.17199999999999999	*
chr17	7674247	7674247	T	G	LCNEC23Mp3	TP53	Missense_Mutation	ENST00000504290.5	exon3	c.A320C	p.N107T	SNP	chr17:7674247_T/G	0	2	0.667	2	36	4.58	TP53	nonsynonymous SNV	TP53:ENST00000504290.5:exon3:c.A320C:p.N107T	exonic	0	363517	Hepatocellular_carcinoma|Renal_cell_carcinoma_papillary_1|Lung_adenocarcinoma|Neoplasm_of_the_breast|Neoplasm_of_the_large_intestine|Squamous_cell_carcinoma_of_the_head_and_neck|Adenocarcinoma_of_prostate|Li-Fraumeni_syndrome|Malignant_neoplasm_of_body_of_uterus|Adenocarcinoma_of_stomach|Ovarian_Serous_Cystadenocarcinoma|Uterine_Carcinosarcoma	0.935	Likely_pathogenic	ID=COSV52664176;OCCURENCE=2(breast)1(liver)2(haematopoietic_and_lymphoid_tissue)1(stomach)1(lung)1(thyroid)1(upper_aerodigestive_tract)1(endometrium)	ID=COSV52664176;OCCURENCE=2(breast)1(liver)2(haematopoietic_and_lymphoid_tissue)1(stomach)1(lung)1(thyroid)1(upper_aerodigestive_tract)1(endometrium)	LCNEC23	TRUE	TRUE	0.754	***
chr7	55143468	55143468	T	A	LNET13T	EGFR	Missense_Mutation	ENST00000275493.7	exon3	c.T404A	p.L135Q	SNP	chr7:55143468_T/A	8	1	0.22	9	4	4.25	EGFR	nonsynonymous SNV	EGFR:ENST00000275493.7:exon3:c.T404A:p.L135Q	exonic	0	.	.	0.957	Likely_pathogenic	.	.	LNET13	FALSE	FALSE	0.26400000000000001	*
chr7	55143468	55143468	T	A	LNET13Tp1	EGFR	Missense_Mutation	ENST00000275493.7	exon3	c.T404A	p.L135Q	SNP	chr7:55143468_T/A	6	2	0.282	8	4	4.25	EGFR	nonsynonymous SNV	EGFR:ENST00000275493.7:exon3:c.T404A:p.L135Q	exonic	0	.	.	0.957	Likely_pathogenic	.	.	LNET13	FALSE	FALSE	0.26400000000000001	*
chr5	136163349	136163351	AAT	A	LNET14Tp1	SMAD5	Frame_Shift_Del	ENST00000545620.5	exon4	c.734_735del	p.N245Kfs*21	NA	chr5:136163349_AAT/A	0	2	0.667	2	25	5.1	SMAD5	frameshift deletion	SMAD5:ENST00000545620.5:exon4:c.734_735del:p.N245Kfs*21	exonic	0	.	.	-1	.	.	.	LNET14	FALSE	FALSE	0.158	*
chr7	55191867	55191867	G	A	LNET15M	EGFR	Missense_Mutation	ENST00000454757.6	exon20	c.G2483A	p.G828E	SNP	chr7:55191867_G/A	59	3	0.063	62	3	8.94	EGFR	nonsynonymous SNV	EGFR:ENST00000454757.6:exon20:c.G2483A:p.G828E	exonic	0	.	.	0.718	Uncertain_significance	ID=COSV51784752;OCCURENCE=1(biliary_tract)3(lung)	ID=COSV51784752;OCCURENCE=1(biliary_tract)3(lung)	LNET15	TRUE	TRUE	0.65	***
chr11	64810012	64810012	T	A	LNET15M	MEN1	Missense_Mutation	ENST00000377313.6	exon1	c.A98T	p.D33V	SNP	chr11:64810012_T/A	27	15	0.387	42	35	126.11	MEN1	nonsynonymous SNV	MEN1:ENST00000377313.6:exon1:c.A98T:p.D33V	exonic	0	.	.	0.889	Uncertain_significance	.	.	LNET15	FALSE	FALSE	0.34599999999999997	**
chr14	95105764	95105764	G	A	LNET15M	DICER1	Nonsense_Mutation	ENST00000541352.5	exon18	c.C3007T	p.R1003_K1829del	SNP	chr14:95105764_G/A	0	1	0.667	1	3	3.67	DICER1	stopgain	DICER1:ENST00000541352.5:exon18:c.C3007T:p.R1003_K1829del	exonic	0	400386	DICER1-related_pleuropulmonary_blastoma_cancer_predisposition_syndrome|not_provided	-1	.	ID=COSV104661900;OCCURENCE=1(breast)	ID=COSV104661900;OCCURENCE=1(breast)	LNET15	TRUE	FALSE	0.158	*
chr7	55191867	55191867	G	A	LNET15Mp2	EGFR	Missense_Mutation	ENST00000454757.6	exon20	c.G2483A	p.G828E	SNP	chr7:55191867_G/A	42	4	0.083	46	3	8.94	EGFR	nonsynonymous SNV	EGFR:ENST00000454757.6:exon20:c.G2483A:p.G828E	exonic	0	.	.	0.718	Uncertain_significance	ID=COSV51784752;OCCURENCE=1(biliary_tract)3(lung)	ID=COSV51784752;OCCURENCE=1(biliary_tract)3(lung)	LNET15	TRUE	TRUE	0.65	***
chr11	64810012	64810012	T	A	LNET15Mp2	MEN1	Missense_Mutation	ENST00000377313.6	exon1	c.A98T	p.D33V	SNP	chr11:64810012_T/A	27	36	0.533	63	35	126.11	MEN1	nonsynonymous SNV	MEN1:ENST00000377313.6:exon1:c.A98T:p.D33V	exonic	0	.	.	0.889	Uncertain_significance	.	.	LNET15	FALSE	FALSE	0.35399999999999998	**
chr3	179209654	179209654	T	C	LNET16M	PIK3CA	Missense_Mutation	ENST00000263967.4	exon7	c.T1205C	p.L402P	SNP	chr3:179209654_T/C	0	2	0.667	2	39	4.54	PIK3CA	nonsynonymous SNV	PIK3CA:ENST00000263967.4:exon7:c.T1205C:p.L402P	exonic	0	.	.	0.974	Likely_pathogenic	.	.	LNET16	FALSE	FALSE	0.24199999999999999	*
chr9	87499136	87499136	G	A	LNET16M	DAPK1	Missense_Mutation	ENST00000491893.5	exon1	c.G59A	p.G20D	SNP	chr9:87499136_G/A	6	2	0.327	8	6	4.49	DAPK1	nonsynonymous SNV	DAPK1:ENST00000491893.5:exon1:c.G59A:p.G20D	exonic	0	.	.	0.901	Uncertain_significance	ID=COSV63786309;OCCURENCE=2(large_intestine)	.	LNET16	TRUE	FALSE	0.19	*
chr11	534285	534285	C	T	LNET16M	HRAS	Missense_Mutation	ENST00000397594.5	exon1	c.G38A	p.G13D	SNP	chr11:534285_C/T	39	97	0.71	136	49	495.99	HRAS	nonsynonymous SNV	HRAS:ENST00000397594.5:exon1:c.G38A:p.G13D	exonic	0	27643	Neoplasm_of_the_large_intestine|Costello_syndrome|Rasopathy|not_provided	0.736	Likely_pathogenic	ID=COSV54237021;OCCURENCE=1(biliary_tract)3(vulva)5(NS)1(haematopoietic_and_lymphoid_tissue)3(urinary_tract)14(skin)3(thyroid)10(upper_aerodigestive_tract)1(endometrium)	ID=COSV54237021;OCCURENCE=1(biliary_tract)3(vulva)5(NS)1(haematopoietic_and_lymphoid_tissue)3(urinary_tract)14(skin)3(thyroid)10(upper_aerodigestive_tract)1(endometrium)	LNET16	TRUE	FALSE	0.65	***
chr5	251101	251101	G	A	LNET16Mp1	SDHA	Missense_Mutation	ENST00000617470.4	exon10	c.G1226A	p.R409Q	SNP	chr5:251101_G/A	16	2	0.16	18	3	3.83	SDHA	nonsynonymous SNV	SDHA:ENST00000617470.4:exon10:c.G1226A:p.R409Q	exonic	3e-4	239843	Hereditary_cancer-predisposing_syndrome|Paragangliomas_5|not_provided	0.748	Uncertain_significance	ID=COSV53771154;OCCURENCE=1(lung)1(endometrium)	ID=COSV53771154;OCCURENCE=1(lung)1(endometrium)	LNET16	TRUE	TRUE	0.69	***
chr11	534285	534285	C	T	LNET16Mp1	HRAS	Missense_Mutation	ENST00000397594.5	exon1	c.G38A	p.G13D	SNP	chr11:534285_C/T	39	86	0.675	125	49	495.99	HRAS	nonsynonymous SNV	HRAS:ENST00000397594.5:exon1:c.G38A:p.G13D	exonic	0	27643	Neoplasm_of_the_large_intestine|Costello_syndrome|Rasopathy|not_provided	0.736	Likely_pathogenic	ID=COSV54237021;OCCURENCE=1(biliary_tract)3(vulva)5(NS)1(haematopoietic_and_lymphoid_tissue)3(urinary_tract)14(skin)3(thyroid)10(upper_aerodigestive_tract)1(endometrium)	ID=COSV54237021;OCCURENCE=1(biliary_tract)3(vulva)5(NS)1(haematopoietic_and_lymphoid_tissue)3(urinary_tract)14(skin)3(thyroid)10(upper_aerodigestive_tract)1(endometrium)	LNET16	TRUE	FALSE	0.64600000000000002	***
chrX	77682471	77682471	C	G	LNET16Mp1	ATRX	Missense_Mutation	ENST00000395603.7	exon8	c.G2671C	p.E891Q	SNP	chrX:77682471_C/G	0	53	0.972	53	27	450.12	ATRX	nonsynonymous SNV	ATRX:ENST00000395603.7:exon8:c.G2671C:p.E891Q	exonic	0	243824	not_provided	-1	Uncertain_significance	.	.	LNET16	FALSE	FALSE	0.152	*
chr5	251101	251101	G	A	LNET16T	SDHA	Missense_Mutation	ENST00000617470.4	exon10	c.G1226A	p.R409Q	SNP	chr5:251101_G/A	2	2	0.5	4	3	3.83	SDHA	nonsynonymous SNV	SDHA:ENST00000617470.4:exon10:c.G1226A:p.R409Q	exonic	3e-4	239843	Hereditary_cancer-predisposing_syndrome|Paragangliomas_5|not_provided	0.748	Uncertain_significance	ID=COSV53771154;OCCURENCE=1(lung)1(endometrium)	ID=COSV53771154;OCCURENCE=1(lung)1(endometrium)	LNET16	TRUE	TRUE	0.70199999999999996	***
chr11	534285	534285	C	T	LNET16T	HRAS	Missense_Mutation	ENST00000397594.5	exon1	c.G38A	p.G13D	SNP	chr11:534285_C/T	20	17	0.5	37	49	495.99	HRAS	nonsynonymous SNV	HRAS:ENST00000397594.5:exon1:c.G38A:p.G13D	exonic	0	27643	Neoplasm_of_the_large_intestine|Costello_syndrome|Rasopathy|not_provided	0.736	Likely_pathogenic	ID=COSV54237021;OCCURENCE=1(biliary_tract)3(vulva)5(NS)1(haematopoietic_and_lymphoid_tissue)3(urinary_tract)14(skin)3(thyroid)10(upper_aerodigestive_tract)1(endometrium)	ID=COSV54237021;OCCURENCE=1(biliary_tract)3(vulva)5(NS)1(haematopoietic_and_lymphoid_tissue)3(urinary_tract)14(skin)3(thyroid)10(upper_aerodigestive_tract)1(endometrium)	LNET16	TRUE	FALSE	0.65200000000000002	***
chr9	87499136	87499136	G	A	LNET16Tp2	DAPK1	Missense_Mutation	ENST00000491893.5	exon1	c.G59A	p.G20D	SNP	chr9:87499136_G/A	6	1	0.167	7	6	4.49	DAPK1	nonsynonymous SNV	DAPK1:ENST00000491893.5:exon1:c.G59A:p.G20D	exonic	0	.	.	0.901	Uncertain_significance	ID=COSV63786309;OCCURENCE=2(large_intestine)	.	LNET16	TRUE	FALSE	0.188	*
chr11	534285	534285	C	T	LNET16Tp2	HRAS	Missense_Mutation	ENST00000397594.5	exon1	c.G38A	p.G13D	SNP	chr11:534285_C/T	38	2	0.083	40	49	495.99	HRAS	nonsynonymous SNV	HRAS:ENST00000397594.5:exon1:c.G38A:p.G13D	exonic	0	27643	Neoplasm_of_the_large_intestine|Costello_syndrome|Rasopathy|not_provided	0.736	Likely_pathogenic	ID=COSV54237021;OCCURENCE=1(biliary_tract)3(vulva)5(NS)1(haematopoietic_and_lymphoid_tissue)3(urinary_tract)14(skin)3(thyroid)10(upper_aerodigestive_tract)1(endometrium)	ID=COSV54237021;OCCURENCE=1(biliary_tract)3(vulva)5(NS)1(haematopoietic_and_lymphoid_tissue)3(urinary_tract)14(skin)3(thyroid)10(upper_aerodigestive_tract)1(endometrium)	LNET16	TRUE	FALSE	0.64400000000000002	**
chr4	186613270	186613270	T	G	LNET19T	FAT1	Missense_Mutation	ENST00000441802.7	exon13	c.A9302C	p.D3101A	SNP	chr4:186613270_T/G	42	63	0.61	105	37	424.04	FAT1	nonsynonymous SNV	FAT1:ENST00000441802.7:exon13:c.A9302C:p.D3101A	exonic	0	.	.	0.668	.	.	.	LNET19	FALSE	FALSE	0.26200000000000001	*
chr4	186613270	186613270	T	G	LNET19Tp2	FAT1	Missense_Mutation	ENST00000441802.7	exon13	c.A9302C	p.D3101A	SNP	chr4:186613270_T/G	110	110	0.51	220	37	424.04	FAT1	nonsynonymous SNV	FAT1:ENST00000441802.7:exon13:c.A9302C:p.D3101A	exonic	0	.	.	0.668	.	.	.	LNET19	FALSE	FALSE	0.25800000000000001	*
chr7	55142424	55142424	T	C	LNET20M	EGFR	Missense_Mutation	ENST00000275493.7	exon2	c.T227C	p.L76P	SNP	chr7:55142424_T/C	1	2	0.501	3	13	4.06	EGFR	nonsynonymous SNV	EGFR:ENST00000275493.7:exon2:c.T227C:p.L76P	exonic	0	.	.	0.837	Likely_pathogenic	ID=COSV51767338;OCCURENCE=1(haematopoietic_and_lymphoid_tissue)	.	LNET20	TRUE	FALSE	0.22800000000000001	*
chr4	186628247	186628247	C	A	LNET20Mp2	FAT1	Nonsense_Mutation	ENST00000441802.7	exon9	c.G4717T	p.E1573_V4588del	SNP	chr4:186628247_C/A	21	2	0.125	23	27	6.42	FAT1	stopgain	FAT1:ENST00000441802.7:exon9:c.G4717T:p.E1573_V4588del	exonic	0	.	.	-1	Uncertain_significance	ID=COSV101499267;OCCURENCE=1(lung)	.	LNET20	TRUE	TRUE	0.748	***
chrX	77682471	77682471	C	G	SINET12M	ATRX	Missense_Mutation	ENST00000395603.7	exon8	c.G2671C	p.E891Q	SNP	chrX:77682471_C/G	0	23	0.937	23	24	495.03	ATRX	nonsynonymous SNV	ATRX:ENST00000395603.7:exon8:c.G2671C:p.E891Q	exonic	0	243824	not_provided	-1	Uncertain_significance	.	.	SINET12	FALSE	FALSE	0.32200000000000001	**
chr6	166531267	166531269	TAG	T	SINET12Mp1.1	RPS6KA2	Frame_Shift_Del	ENST00000265678.9	exon3	c.261_262del	p.Y88Rfs*6	NA	chr6:166531267_TAG/T	0	2	0.667	2	25	4.83	RPS6KA2	frameshift deletion	RPS6KA2:ENST00000265678.9:exon3:c.261_262del:p.Y88Rfs*6	exonic	0	.	.	-1	.	.	.	SINET12	FALSE	FALSE	0.158	*
chrX	77682471	77682471	C	G	SINET12Mp1.1	ATRX	Missense_Mutation	ENST00000395603.7	exon8	c.G2671C	p.E891Q	SNP	chrX:77682471_C/G	0	108	0.986	108	24	495.03	ATRX	nonsynonymous SNV	ATRX:ENST00000395603.7:exon8:c.G2671C:p.E891Q	exonic	0	243824	not_provided	-1	Uncertain_significance	.	.	SINET12	FALSE	FALSE	0.27600000000000002	*
chr5	177288825	177288825	A	G	SINET12Mp1.3	NSD1	Missense_Mutation	ENST00000439151.6	exon21	c.A6158G	p.E2053G	SNP	chr5:177288825_A/G	0	2	0.667	2	58	4.1	NSD1	nonsynonymous SNV	NSD1:ENST00000439151.6:exon21:c.A6158G:p.E2053G	exonic	0	.	.	0.923	Likely_pathogenic	.	.	SINET12	FALSE	FALSE	0.16400000000000001	*
chrX	77682471	77682471	C	G	SINET12Mp1.3	ATRX	Missense_Mutation	ENST00000395603.7	exon8	c.G2671C	p.E891Q	SNP	chrX:77682471_C/G	0	51	0.969	51	24	495.03	ATRX	nonsynonymous SNV	ATRX:ENST00000395603.7:exon8:c.G2671C:p.E891Q	exonic	0	243824	not_provided	-1	Uncertain_significance	.	.	SINET12	FALSE	FALSE	0.34799999999999998	**
chr16	30721228	30721228	G	C	SINET21M	SRCAP	Missense_Mutation	ENST00000395059.6	exon17	c.G2702C	p.R901P	SNP	chr16:30721228_G/C	1	5	0.715	6	12	70.23	SRCAP	nonsynonymous SNV	SRCAP:ENST00000395059.6:exon17:c.G2702C:p.R901P	exonic	0	341186	Floating-Harbor_syndrome	0.502	Likely_benign	ID=COSV99348920;OCCURENCE=1(ovary)1(lung)	.	SINET21	TRUE	TRUE	0.89	***
chr15	88135958	88135958	G	A	SINET21Mp2	NTRK3	Missense_Mutation	ENST00000317501.7	exon7	c.C848T	p.T283M	SNP	chr15:88135958_G/A	0	2	0.667	2	46	4.64	NTRK3	nonsynonymous SNV	NTRK3:ENST00000317501.7:exon7:c.C848T:p.T283M	exonic	2.825e-5	.	.	0.584	Uncertain_significance	ID=COSV58131153;OCCURENCE=1(stomach)1(pancreas)	ID=COSV58131153;OCCURENCE=1(stomach)1(pancreas)	SINET21	TRUE	FALSE	0.16200000000000001	*
chr16	2088299	2088299	C	T	SINET21Mp2	TSC2	Missense_Mutation	ENST00000382538.10	exon38	c.C4888T	p.R1630C	SNP	chr16:2088299_C/T	0	2	0.667	2	3	4.08	TSC2	nonsynonymous SNV	TSC2:ENST00000382538.10:exon38:c.C4888T:p.R1630C	exonic	2.828e-5	400979	Hereditary_cancer-predisposing_syndrome|Lymphangiomyomatosis|Focal_cortical_dysplasia_type_II|Tuberous_sclerosis_2|not_provided	0.817	Uncertain_significance	ID=COSV51910912;OCCURENCE=2(large_intestine)1(urinary_tract)	ID=COSV51910912;OCCURENCE=2(large_intestine)1(urinary_tract)	SINET21	TRUE	FALSE	0.214	*
chr16	30721228	30721228	G	C	SINET21Mp2	SRCAP	Missense_Mutation	ENST00000395059.6	exon17	c.G2702C	p.R901P	SNP	chr16:30721228_G/C	41	28	0.401	69	12	70.23	SRCAP	nonsynonymous SNV	SRCAP:ENST00000395059.6:exon17:c.G2702C:p.R901P	exonic	0	341186	Floating-Harbor_syndrome	0.502	Likely_benign	ID=COSV99348920;OCCURENCE=1(ovary)1(lung)	.	SINET21	TRUE	TRUE	0.88800000000000001	***
chr10	43119732	43119732	T	G	SINET22M	RET	Missense_Mutation	ENST00000340058.6	exon14	c.T2594G	p.L865R	SNP	chr10:43119732_T/G	20	2	0.125	22	3	5.95	RET	nonsynonymous SNV	RET:ENST00000340058.6:exon14:c.T2594G:p.L865R	exonic	0	.	.	0.969	Uncertain_significance	.	.	SINET22	FALSE	FALSE	0.158	*
chr8	124487214	124487214	G	A	SINET22Mp2	RNF139	Missense_Mutation	ENST00000303545.3	exon2	c.G1565A	p.R522H;.	SNP	chr8:124487214_G/A	39	4	0.099	43	3	6.4	RNF139	nonsynonymous SNV	RNF139:ENST00000303545.3:exon2:c.G1565A:p.R522H;.	exonic	0	.	.	0.52	Uncertain_significance	ID=COSV52681650;OCCURENCE=1(prostate)	ID=COSV52681650;OCCURENCE=1(prostate)	SINET22	TRUE	FALSE	0.14399999999999999	*
chr10	43119732	43119732	T	G	SINET22Mp2	RET	Missense_Mutation	ENST00000340058.6	exon14	c.T2594G	p.L865R	SNP	chr10:43119732_T/G	14	2	0.143	16	3	5.95	RET	nonsynonymous SNV	RET:ENST00000340058.6:exon14:c.T2594G:p.L865R	exonic	0	.	.	0.969	Uncertain_significance	.	.	SINET22	FALSE	FALSE	0.158	*
chr12	25245350	25245350	C	A	LCNEC11Mp3	KRAS	No_coverage	ENST00000256078.9	exon2	c.G35T	p.G12V	SNP	chr12:25245350_C/A	2	0	0.333	2	25	25.64	KRAS	nonsynonymous SNV	KRAS:ENST00000256078.9:exon2:c.G35T:p.G12V	exonic	0	27622	Cerebral_arteriovenous_malformation|Acute_myeloid_leukemia|Nevus_sebaceous|Juvenile_myelomonocytic_leukemia|Non-small_cell_lung_cancer|Neoplasm_of_the_thyroid_gland|Neoplasm_of_the_large_intestine|Carcinoma_of_pancreas|Ovarian_Neoplasms|not_provided	0.91	Likely_pathogenic	ID=COSV55497419;OCCURENCE=21(breast)1(female_genital_tract_(site_indeterminate))7(liver)36(peritoneum)9(genital_tract)7(oesophagus)25(cervix)5747(large_intestine)1(central_nervous_system)189(biliary_tract)2(pleura)1(vulva)341(ovary)20(NS)45(stomach)96(haematopoietic_and_lymphoid_tissue)8(kidney)9(soft_tissue)32(urinary_tract)2142(pancreas)1(autonomic_ganglia)11(gastrointestinal_tract_(site_indeterminate))30(skin)43(prostate)1580(lung)25(thyroid)5(upper_aerodigestive_tract)24(testis)1(eye)4(thymus)42(small_intestine)165(endometrium)	.	LCNEC11	TRUE	TRUE	NA	NA
chr15	98943042	98943042	T	C	LCNEC11Mp3	IGF1R	No_coverage	ENST00000649865.1	exon19	c.T3574C	p.S1192P	SNP	chr15:98943042_T/C	0	0	0.5	0	5	8.22	IGF1R	nonsynonymous SNV	IGF1R:ENST00000649865.1:exon19:c.T3574C:p.S1192P	exonic	0	.	.	0.957	Uncertain_significance	.	.	LCNEC11	FALSE	FALSE	NA	NA
chr17	7674951	7674951	G	A	LCNEC11Mp3	TP53	No_coverage	ENST00000504290.5	exon2	c.C184T	p.L62F	SNP	chr17:7674951_G/A	2	0	0.333	2	14	5.54	TP53	nonsynonymous SNV	TP53:ENST00000504290.5:exon2:c.C184T:p.L62F	exonic	0	133274	Hepatocellular_carcinoma|Pancreatic_adenocarcinoma|Transitional_cell_carcinoma_of_the_bladder|Lung_adenocarcinoma|Neoplasm_of_brain|Neoplasm_of_the_breast|Neoplasm_of_the_large_intestine|Squamous_cell_carcinoma_of_the_head_and_neck|Uterine_cervical_neoplasms|Glioblastoma|Ovarian_Serous_Cystadenocarcinoma|not_provided	0.851	Likely_pathogenic	ID=COSV52677226;OCCURENCE=2(breast)2(oesophagus)1(cervix)8(large_intestine)2(ovary)1(NS)2(haematopoietic_and_lymphoid_tissue)5(stomach)3(urinary_tract)2(pancreas)5(skin)5(lung)2(upper_aerodigestive_tract)	ID=COSV52677226;OCCURENCE=2(breast)2(oesophagus)1(cervix)8(large_intestine)2(ovary)1(NS)2(haematopoietic_and_lymphoid_tissue)5(stomach)3(urinary_tract)2(pancreas)5(skin)5(lung)2(upper_aerodigestive_tract)	LCNEC11	TRUE	TRUE	NA	NA
chr5	136163349	136163351	AAT	A	LNET14T	SMAD5	No_coverage	ENST00000545620.5	exon4	c.734_735del	p.N245Kfs*21	NA	chr5:136163349_AAT/A	0	0	0.5	0	25	5.1	SMAD5	frameshift deletion	SMAD5:ENST00000545620.5:exon4:c.734_735del:p.N245Kfs*21	exonic	0	.	.	-1	.	.	.	LNET14	FALSE	FALSE	NA	NA
chr14	95105764	95105764	G	A	LNET15Mp2	DICER1	No_coverage	ENST00000541352.5	exon18	c.C3007T	p.R1003_K1829del	SNP	chr14:95105764_G/A	0	0	0.5	0	3	3.67	DICER1	stopgain	DICER1:ENST00000541352.5:exon18:c.C3007T:p.R1003_K1829del	exonic	0	400386	DICER1-related_pleuropulmonary_blastoma_cancer_predisposition_syndrome|not_provided	-1	.	ID=COSV104661900;OCCURENCE=1(breast)	ID=COSV104661900;OCCURENCE=1(breast)	LNET15	TRUE	FALSE	NA	NA
chr5	251101	251101	G	A	LNET16M	SDHA	No_coverage	ENST00000617470.4	exon10	c.G1226A	p.R409Q	SNP	chr5:251101_G/A	8	0	0.152	8	3	3.83	SDHA	nonsynonymous SNV	SDHA:ENST00000617470.4:exon10:c.G1226A:p.R409Q	exonic	3e-4	239843	Hereditary_cancer-predisposing_syndrome|Paragangliomas_5|not_provided	0.748	Uncertain_significance	ID=COSV53771154;OCCURENCE=1(lung)1(endometrium)	ID=COSV53771154;OCCURENCE=1(lung)1(endometrium)	LNET16	TRUE	TRUE	NA	NA
chr3	179209654	179209654	T	C	LNET16Mp1	PIK3CA	No_coverage	ENST00000263967.4	exon7	c.T1205C	p.L402P	SNP	chr3:179209654_T/C	0	0	0.5	0	39	4.54	PIK3CA	nonsynonymous SNV	PIK3CA:ENST00000263967.4:exon7:c.T1205C:p.L402P	exonic	0	.	.	0.974	Likely_pathogenic	.	.	LNET16	FALSE	FALSE	NA	NA
chr9	87499136	87499136	G	A	LNET16Mp1	DAPK1	No_coverage	ENST00000491893.5	exon1	c.G59A	p.G20D	SNP	chr9:87499136_G/A	9	0	0.143	9	6	4.49	DAPK1	nonsynonymous SNV	DAPK1:ENST00000491893.5:exon1:c.G59A:p.G20D	exonic	0	.	.	0.901	Uncertain_significance	ID=COSV63786309;OCCURENCE=2(large_intestine)	.	LNET16	TRUE	FALSE	NA	NA
chr3	179209654	179209654	T	C	LNET16T	PIK3CA	No_coverage	ENST00000263967.4	exon7	c.T1205C	p.L402P	SNP	chr3:179209654_T/C	0	0	0.5	0	39	4.54	PIK3CA	nonsynonymous SNV	PIK3CA:ENST00000263967.4:exon7:c.T1205C:p.L402P	exonic	0	.	.	0.974	Likely_pathogenic	.	.	LNET16	FALSE	FALSE	NA	NA
chr9	87499136	87499136	G	A	LNET16T	DAPK1	No_coverage	ENST00000491893.5	exon1	c.G59A	p.G20D	SNP	chr9:87499136_G/A	4	0	0.2	4	6	4.49	DAPK1	nonsynonymous SNV	DAPK1:ENST00000491893.5:exon1:c.G59A:p.G20D	exonic	0	.	.	0.901	Uncertain_significance	ID=COSV63786309;OCCURENCE=2(large_intestine)	.	LNET16	TRUE	FALSE	NA	NA
chr3	179209654	179209654	T	C	LNET16Tp2	PIK3CA	No_coverage	ENST00000263967.4	exon7	c.T1205C	p.L402P	SNP	chr3:179209654_T/C	0	0	0.5	0	39	4.54	PIK3CA	nonsynonymous SNV	PIK3CA:ENST00000263967.4:exon7:c.T1205C:p.L402P	exonic	0	.	.	0.974	Likely_pathogenic	.	.	LNET16	FALSE	FALSE	NA	NA
chr5	251101	251101	G	A	LNET16Tp2	SDHA	No_coverage	ENST00000617470.4	exon10	c.G1226A	p.R409Q	SNP	chr5:251101_G/A	5	0	0.19	5	3	3.83	SDHA	nonsynonymous SNV	SDHA:ENST00000617470.4:exon10:c.G1226A:p.R409Q	exonic	3e-4	239843	Hereditary_cancer-predisposing_syndrome|Paragangliomas_5|not_provided	0.748	Uncertain_significance	ID=COSV53771154;OCCURENCE=1(lung)1(endometrium)	ID=COSV53771154;OCCURENCE=1(lung)1(endometrium)	LNET16	TRUE	TRUE	NA	NA
chr4	186628247	186628247	C	A	LNET20M	FAT1	No_coverage	ENST00000441802.7	exon9	c.G4717T	p.E1573_V4588del	SNP	chr4:186628247_C/A	7	0	0.143	7	27	6.42	FAT1	stopgain	FAT1:ENST00000441802.7:exon9:c.G4717T:p.E1573_V4588del	exonic	0	.	.	-1	Uncertain_significance	ID=COSV101499267;OCCURENCE=1(lung)	.	LNET20	TRUE	TRUE	NA	NA
chr7	55142424	55142424	T	C	LNET20Mp2	EGFR	No_coverage	ENST00000275493.7	exon2	c.T227C	p.L76P	SNP	chr7:55142424_T/C	0	0	0.5	0	13	4.06	EGFR	nonsynonymous SNV	EGFR:ENST00000275493.7:exon2:c.T227C:p.L76P	exonic	0	.	.	0.837	Likely_pathogenic	ID=COSV51767338;OCCURENCE=1(haematopoietic_and_lymphoid_tissue)	.	LNET20	TRUE	FALSE	NA	NA
chr5	177288825	177288825	A	G	SINET12M	NSD1	No_coverage	ENST00000439151.6	exon21	c.A6158G	p.E2053G	SNP	chr5:177288825_A/G	0	0	0.5	0	58	4.1	NSD1	nonsynonymous SNV	NSD1:ENST00000439151.6:exon21:c.A6158G:p.E2053G	exonic	0	.	.	0.923	Likely_pathogenic	.	.	SINET12	FALSE	FALSE	NA	NA
chr6	166531267	166531269	TAG	T	SINET12M	RPS6KA2	No_coverage	ENST00000265678.9	exon3	c.261_262del	p.Y88Rfs*6	NA	chr6:166531267_TAG/T	0	0	0.5	0	25	4.83	RPS6KA2	frameshift deletion	RPS6KA2:ENST00000265678.9:exon3:c.261_262del:p.Y88Rfs*6	exonic	0	.	.	-1	.	.	.	SINET12	FALSE	FALSE	NA	NA
chr5	177288825	177288825	A	G	SINET12Mp1.1	NSD1	No_coverage	ENST00000439151.6	exon21	c.A6158G	p.E2053G	SNP	chr5:177288825_A/G	2	0	0.333	2	58	4.1	NSD1	nonsynonymous SNV	NSD1:ENST00000439151.6:exon21:c.A6158G:p.E2053G	exonic	0	.	.	0.923	Likely_pathogenic	.	.	SINET12	FALSE	FALSE	NA	NA
chr6	166531267	166531269	TAG	T	SINET12Mp1.3	RPS6KA2	No_coverage	ENST00000265678.9	exon3	c.261_262del	p.Y88Rfs*6	NA	chr6:166531267_TAG/T	0	0	0.5	0	25	4.83	RPS6KA2	frameshift deletion	RPS6KA2:ENST00000265678.9:exon3:c.261_262del:p.Y88Rfs*6	exonic	0	.	.	-1	.	.	.	SINET12	FALSE	FALSE	NA	NA
chr15	88135958	88135958	G	A	SINET21M	NTRK3	No_coverage	ENST00000317501.7	exon7	c.C848T	p.T283M	SNP	chr15:88135958_G/A	0	0	0.5	0	46	4.64	NTRK3	nonsynonymous SNV	NTRK3:ENST00000317501.7:exon7:c.C848T:p.T283M	exonic	2.825e-5	.	.	0.584	Uncertain_significance	ID=COSV58131153;OCCURENCE=1(stomach)1(pancreas)	ID=COSV58131153;OCCURENCE=1(stomach)1(pancreas)	SINET21	TRUE	FALSE	NA	NA
chr16	2088299	2088299	C	T	SINET21M	TSC2	No_coverage	ENST00000382538.10	exon38	c.C4888T	p.R1630C	SNP	chr16:2088299_C/T	2	0	0.333	2	3	4.08	TSC2	nonsynonymous SNV	TSC2:ENST00000382538.10:exon38:c.C4888T:p.R1630C	exonic	2.828e-5	400979	Hereditary_cancer-predisposing_syndrome|Lymphangiomyomatosis|Focal_cortical_dysplasia_type_II|Tuberous_sclerosis_2|not_provided	0.817	Uncertain_significance	ID=COSV51910912;OCCURENCE=2(large_intestine)1(urinary_tract)	ID=COSV51910912;OCCURENCE=2(large_intestine)1(urinary_tract)	SINET21	TRUE	FALSE	NA	NA
